-- MySQL dump 10.13  Distrib 8.0.18, for Linux (x86_64)
--
-- Host: localhost    Database: BOM
-- ------------------------------------------------------
-- Server version	8.0.18

/*!40101 SET @OLD_CHARACTER_SET_CLIENT=@@CHARACTER_SET_CLIENT */;
/*!40101 SET @OLD_CHARACTER_SET_RESULTS=@@CHARACTER_SET_RESULTS */;
/*!40101 SET @OLD_COLLATION_CONNECTION=@@COLLATION_CONNECTION */;
/*!50503 SET NAMES utf8mb4 */;
/*!40103 SET @OLD_TIME_ZONE=@@TIME_ZONE */;
/*!40103 SET TIME_ZONE='+00:00' */;
/*!40014 SET @OLD_UNIQUE_CHECKS=@@UNIQUE_CHECKS, UNIQUE_CHECKS=0 */;
/*!40014 SET @OLD_FOREIGN_KEY_CHECKS=@@FOREIGN_KEY_CHECKS, FOREIGN_KEY_CHECKS=0 */;
/*!40101 SET @OLD_SQL_MODE=@@SQL_MODE, SQL_MODE='NO_AUTO_VALUE_ON_ZERO' */;
/*!40111 SET @OLD_SQL_NOTES=@@SQL_NOTES, SQL_NOTES=0 */;

--
-- Table structure for table `COMPONENT`
--

DROP TABLE IF EXISTS `COMPONENT`;
/*!40101 SET @saved_cs_client     = @@character_set_client */;
/*!50503 SET character_set_client = utf8mb4 */;
CREATE TABLE `COMPONENT` (
  `ID` int(11) NOT NULL AUTO_INCREMENT,
  `DESCRIPTION` varchar(45) DEFAULT NULL,
  `VALUE` varchar(45) NOT NULL,
  `PART_NO` varchar(45) DEFAULT NULL,
  `PROVIDER_ID` int(11) NOT NULL,
  `QUANTITY` int(11) NOT NULL,
  `COMPONENT_TYPE_ID` int(11) NOT NULL,
  `PACKAGE_ID` int(11) NOT NULL,
  `DATASHEET` varchar(500) DEFAULT NULL,
  PRIMARY KEY (`ID`),
  KEY `fk_COMPONENT_PROVIDER1_idx` (`PROVIDER_ID`),
  KEY `fk_COMPONENT_COMPONENT_TYPE1_idx` (`COMPONENT_TYPE_ID`),
  KEY `fk_COMPONENT_PACKAGE1_idx` (`PACKAGE_ID`),
  CONSTRAINT `fk_COMPONENT_COMPONENT_TYPE1` FOREIGN KEY (`COMPONENT_TYPE_ID`) REFERENCES `COMPONENT_TYPE` (`ID`),
  CONSTRAINT `fk_COMPONENT_PACKAGE1` FOREIGN KEY (`PACKAGE_ID`) REFERENCES `PACKAGE` (`ID`),
  CONSTRAINT `fk_COMPONENT_PROVIDER1` FOREIGN KEY (`PROVIDER_ID`) REFERENCES `PROVIDER` (`ID`)
) ENGINE=InnoDB AUTO_INCREMENT=64 DEFAULT CHARSET=utf8;
/*!40101 SET character_set_client = @saved_cs_client */;

--
-- Dumping data for table `COMPONENT`
--

LOCK TABLES `COMPONENT` WRITE;
/*!40000 ALTER TABLE `COMPONENT` DISABLE KEYS */;
INSERT INTO `COMPONENT` VALUES (3,'LED GREEN','','599-0081-007F',1,4,1,1,''),(4,'CAPACITOR','100 NF','0805F104M500',1,70,2,2,''),(5,'LED [ UNKNOW COLOR ]','','LTST-C150CKT',1,40,1,3,''),(6,'CAPACITOR','22 UF','CL21A226MQQNNNF',1,20,2,2,''),(7,'CAPACITOR','100 PF','0805CG101J251NT',1,20,2,2,''),(8,'CAPACITOR','1 UF','CC0805ZRY5V8BB105',1,50,2,2,''),(9,'RESISTOR','470 OHM','CC0805ZRY5V8BB105',1,50,2,3,''),(10,'RESISTOR','470 OHM','CRCW0805470RFKEAC',1,95,2,2,''),(11,'RESISTOR','470 OHM','AC1206JR-07470RL',1,50,3,4,''),(12,'RESISTOR','0.3 OHM','RTT05R300FTP',1,49,3,2,''),(13,'DC-DC CONVERTER SETP-UP','','MC34063AD',1,15,4,5,''),(14,'RESISTOR','2 KOHM','CR0805J80202G',1,80,3,2,''),(15,'RESISTOR','6.8 KOHM','RC0805FR-076K8L',1,45,3,2,''),(16,'CAPACITOR','22 PF','C0805C220J5GACTU',1,1,2,2,''),(17,'CAPACITOR','10 UF','GRM21BR60J106KE',1,35,2,2,''),(18,'CAPACITOR','22 UF','GRM219R61A226MEA0D',1,2,2,2,''),(19,'CAPACITOR','100 UF','GRM21BR60J107ME1',1,23,2,2,''),(20,'RESISTOR','1.2 K','',1,50,3,2,''),(21,'ELECTROLITIC CAPACITOR','470 UF','',1,15,2,7,''),(22,'RESISTOR','10 K','',1,50,3,4,''),(23,'PEDISCAN','','',1,20,5,8,''),(24,'ACCELEROMETER','','',1,15,6,8,''),(25,'RESISTOR','10 K','',1,19,3,2,''),(26,'RESISTOR','62 K','',1,50,3,4,''),(27,'RESISTOR','220 OHM','',1,48,3,2,''),(28,'TJA1049T','','',1,10,7,8,''),(29,'MCP2515-I','','',1,3,7,8,''),(30,'RESISTOR','0.27 OHM','',1,48,3,2,''),(31,'INDUCTOR','22 UH','',1,15,8,9,''),(32,'MCP73831T-2ATI','','',1,15,7,8,''),(33,'CAPACITOR','220 UF','',1,15,2,7,''),(34,'NPN','','',1,15,9,6,''),(35,'CAPACITOR','10 NF','',1,15,2,2,''),(36,'CAPACITOR','10 UF','',1,20,2,3,''),(37,'CAPACITOR','22 UF','',1,8,2,3,''),(38,'RESISTOR','17.4 KOHM','',1,50,3,2,''),(39,'RESISTOR','91 KOHM','',1,100,3,2,''),(40,'RT8258GJ6','','',1,8,7,8,''),(41,'INDUCTOR','15 UH','',1,7,8,10,''),(42,'B230A-13-F','','',1,50,7,8,''),(43,'RESISTOR','200 KOHMS','',1,45,3,2,''),(44,'TPS61090RSAR','','',1,5,7,8,''),(45,'RESISTOR','1.87 MOHM','',1,45,3,2,''),(46,'TRANSISTOR PNP','','',1,5,9,11,''),(47,'RESISTOR','15 KOHMS','',1,45,3,2,''),(48,'RESISTOR','1 KOHM','',1,45,3,2,''),(49,'INDUCTOR','6.8 UH','',1,8,8,12,''),(50,'RESISTOR','340 KOHM','',1,45,3,2,''),(51,'RESISTOR','340 KOHM','',1,45,3,2,''),(52,'BATTERY CONNECTOR','','',1,8,10,8,''),(53,'RESISTOR','100 KOHMS','',1,45,3,2,''),(54,'LED','RED','',1,3,1,2,''),(55,'CAPACITOR','2.2 UF','CL21A225KAFNNNE',1,20,2,2,''),(56,'RESISTOR','13.3 KOHM','WR08X1332FTL',1,50,3,2,''),(57,'CAPACITOR','620 PF','',1,10,2,1,''),(58,'RESISTOR','150 KOHM','',1,20,3,2,''),(59,'RESISTOR','51 KOHM','',1,50,3,2,''),(60,'RESISTOR','43 KOHM','',1,50,3,2,''),(61,'INDUCTOR','10 UH','SMNR5020-100MT',1,10,8,12,''),(62,'BATTERY MANAGEMENT','MCP73833T-AMI/MF','MCP73833T-AMI/MF',1,10,7,8,''),(63,'STEP UP','LMR62014XMF','LMR62014XMF',1,10,7,13,'');
/*!40000 ALTER TABLE `COMPONENT` ENABLE KEYS */;
UNLOCK TABLES;

--
-- Table structure for table `COMPONENT_TYPE`
--

DROP TABLE IF EXISTS `COMPONENT_TYPE`;
/*!40101 SET @saved_cs_client     = @@character_set_client */;
/*!50503 SET character_set_client = utf8mb4 */;
CREATE TABLE `COMPONENT_TYPE` (
  `NAME` varchar(35) NOT NULL,
  `ID` int(11) NOT NULL AUTO_INCREMENT,
  PRIMARY KEY (`ID`)
) ENGINE=InnoDB AUTO_INCREMENT=11 DEFAULT CHARSET=utf8;
/*!40101 SET character_set_client = @saved_cs_client */;

--
-- Dumping data for table `COMPONENT_TYPE`
--

LOCK TABLES `COMPONENT_TYPE` WRITE;
/*!40000 ALTER TABLE `COMPONENT_TYPE` DISABLE KEYS */;
INSERT INTO `COMPONENT_TYPE` VALUES ('LED',1),('CAPACITOR',2),('RESISTOR',3),('DC-DC CONVERTER SETP-UP',4),('PEDISCAN',5),('ACCELEROMETER',6),('IC',7),('INDUCTOR',8),('TRANSISTOR',9),('CONNECTORS',10);
/*!40000 ALTER TABLE `COMPONENT_TYPE` ENABLE KEYS */;
UNLOCK TABLES;

--
-- Table structure for table `COMPONENT_has_LABEL`
--

DROP TABLE IF EXISTS `COMPONENT_has_LABEL`;
/*!40101 SET @saved_cs_client     = @@character_set_client */;
/*!50503 SET character_set_client = utf8mb4 */;
CREATE TABLE `COMPONENT_has_LABEL` (
  `COMPONENT_ID` int(11) NOT NULL,
  `LABEL_LABEL` varchar(25) NOT NULL,
  PRIMARY KEY (`COMPONENT_ID`,`LABEL_LABEL`),
  KEY `fk_COMPONENT_has_LABEL_LABEL1_idx` (`LABEL_LABEL`),
  KEY `fk_COMPONENT_has_LABEL_COMPONENT1_idx` (`COMPONENT_ID`),
  CONSTRAINT `fk_COMPONENT_has_LABEL_COMPONENT1` FOREIGN KEY (`COMPONENT_ID`) REFERENCES `COMPONENT` (`ID`),
  CONSTRAINT `fk_COMPONENT_has_LABEL_LABEL1` FOREIGN KEY (`LABEL_LABEL`) REFERENCES `LABEL` (`LABEL`)
) ENGINE=InnoDB DEFAULT CHARSET=utf8;
/*!40101 SET character_set_client = @saved_cs_client */;

--
-- Dumping data for table `COMPONENT_has_LABEL`
--

LOCK TABLES `COMPONENT_has_LABEL` WRITE;
/*!40000 ALTER TABLE `COMPONENT_has_LABEL` DISABLE KEYS */;
/*!40000 ALTER TABLE `COMPONENT_has_LABEL` ENABLE KEYS */;
UNLOCK TABLES;

--
-- Table structure for table `COMPONENT_has_PROJECT`
--

DROP TABLE IF EXISTS `COMPONENT_has_PROJECT`;
/*!40101 SET @saved_cs_client     = @@character_set_client */;
/*!50503 SET character_set_client = utf8mb4 */;
CREATE TABLE `COMPONENT_has_PROJECT` (
  `COMPONENT_ID` int(11) NOT NULL,
  `PROJECT_ID` int(11) NOT NULL,
  PRIMARY KEY (`COMPONENT_ID`,`PROJECT_ID`),
  KEY `fk_COMPONENT_has_PROJECT_PROJECT1_idx` (`PROJECT_ID`),
  KEY `fk_COMPONENT_has_PROJECT_COMPONENT1_idx` (`COMPONENT_ID`),
  CONSTRAINT `fk_COMPONENT_has_PROJECT_COMPONENT1` FOREIGN KEY (`COMPONENT_ID`) REFERENCES `COMPONENT` (`ID`),
  CONSTRAINT `fk_COMPONENT_has_PROJECT_PROJECT1` FOREIGN KEY (`PROJECT_ID`) REFERENCES `PROJECT` (`ID`)
) ENGINE=InnoDB DEFAULT CHARSET=utf8;
/*!40101 SET character_set_client = @saved_cs_client */;

--
-- Dumping data for table `COMPONENT_has_PROJECT`
--

LOCK TABLES `COMPONENT_has_PROJECT` WRITE;
/*!40000 ALTER TABLE `COMPONENT_has_PROJECT` DISABLE KEYS */;
/*!40000 ALTER TABLE `COMPONENT_has_PROJECT` ENABLE KEYS */;
UNLOCK TABLES;

--
-- Table structure for table `LABEL`
--

DROP TABLE IF EXISTS `LABEL`;
/*!40101 SET @saved_cs_client     = @@character_set_client */;
/*!50503 SET character_set_client = utf8mb4 */;
CREATE TABLE `LABEL` (
  `LABEL` varchar(25) NOT NULL,
  PRIMARY KEY (`LABEL`)
) ENGINE=InnoDB DEFAULT CHARSET=utf8;
/*!40101 SET character_set_client = @saved_cs_client */;

--
-- Dumping data for table `LABEL`
--

LOCK TABLES `LABEL` WRITE;
/*!40000 ALTER TABLE `LABEL` DISABLE KEYS */;
/*!40000 ALTER TABLE `LABEL` ENABLE KEYS */;
UNLOCK TABLES;

--
-- Table structure for table `PACKAGE`
--

DROP TABLE IF EXISTS `PACKAGE`;
/*!40101 SET @saved_cs_client     = @@character_set_client */;
/*!50503 SET character_set_client = utf8mb4 */;
CREATE TABLE `PACKAGE` (
  `NAME` varchar(35) NOT NULL,
  `ID` int(11) NOT NULL AUTO_INCREMENT,
  PRIMARY KEY (`ID`)
) ENGINE=InnoDB AUTO_INCREMENT=14 DEFAULT CHARSET=utf8;
/*!40101 SET character_set_client = @saved_cs_client */;

--
-- Dumping data for table `PACKAGE`
--

LOCK TABLES `PACKAGE` WRITE;
/*!40000 ALTER TABLE `PACKAGE` DISABLE KEYS */;
INSERT INTO `PACKAGE` VALUES ('0603',1),('0805',2),('1206',3),('2010',4),('SOP-8 150',5),('SOT 323',6),('ELECTROLITYC CAPACITOR',7),('NA',8),('8X8X4',9),('8040',10),('SOT 23',11),('5X5X2',12),('SOT-23-5',13);
/*!40000 ALTER TABLE `PACKAGE` ENABLE KEYS */;
UNLOCK TABLES;

--
-- Table structure for table `PROJECT`
--

DROP TABLE IF EXISTS `PROJECT`;
/*!40101 SET @saved_cs_client     = @@character_set_client */;
/*!50503 SET character_set_client = utf8mb4 */;
CREATE TABLE `PROJECT` (
  `ID` int(11) NOT NULL AUTO_INCREMENT,
  `NAME` varchar(45) NOT NULL,
  `SCHEMATIC_VERSION` varchar(45) DEFAULT NULL,
  `CREATION_DATE` timestamp NOT NULL DEFAULT CURRENT_TIMESTAMP,
  `GIT_REPO` varchar(145) DEFAULT NULL,
  PRIMARY KEY (`ID`)
) ENGINE=InnoDB AUTO_INCREMENT=2 DEFAULT CHARSET=utf8;
/*!40101 SET character_set_client = @saved_cs_client */;

--
-- Dumping data for table `PROJECT`
--

LOCK TABLES `PROJECT` WRITE;
/*!40000 ALTER TABLE `PROJECT` DISABLE KEYS */;
INSERT INTO `PROJECT` VALUES (1,'PETTRACKER','2019-11','2019-12-01 23:55:07','HTTPS://BITBUCKET.ORG/ACCOUNT/USER/DH7LABS/PROJECTS/PET');
/*!40000 ALTER TABLE `PROJECT` ENABLE KEYS */;
UNLOCK TABLES;

--
-- Table structure for table `PROVIDER`
--

DROP TABLE IF EXISTS `PROVIDER`;
/*!40101 SET @saved_cs_client     = @@character_set_client */;
/*!50503 SET character_set_client = utf8mb4 */;
CREATE TABLE `PROVIDER` (
  `ID` int(11) NOT NULL AUTO_INCREMENT,
  `NAME` varchar(45) NOT NULL,
  PRIMARY KEY (`ID`)
) ENGINE=InnoDB AUTO_INCREMENT=2 DEFAULT CHARSET=utf8;
/*!40101 SET character_set_client = @saved_cs_client */;

--
-- Dumping data for table `PROVIDER`
--

LOCK TABLES `PROVIDER` WRITE;
/*!40000 ALTER TABLE `PROVIDER` DISABLE KEYS */;
INSERT INTO `PROVIDER` VALUES (1,'Generic');
/*!40000 ALTER TABLE `PROVIDER` ENABLE KEYS */;
UNLOCK TABLES;
/*!40103 SET TIME_ZONE=@OLD_TIME_ZONE */;

/*!40101 SET SQL_MODE=@OLD_SQL_MODE */;
/*!40014 SET FOREIGN_KEY_CHECKS=@OLD_FOREIGN_KEY_CHECKS */;
/*!40014 SET UNIQUE_CHECKS=@OLD_UNIQUE_CHECKS */;
/*!40101 SET CHARACTER_SET_CLIENT=@OLD_CHARACTER_SET_CLIENT */;
/*!40101 SET CHARACTER_SET_RESULTS=@OLD_CHARACTER_SET_RESULTS */;
/*!40101 SET COLLATION_CONNECTION=@OLD_COLLATION_CONNECTION */;
/*!40111 SET SQL_NOTES=@OLD_SQL_NOTES */;

-- Dump completed on 2019-12-23 23:12:19
